item_id,user_id
126335,2241
174086,1724
123793,1714
132738,1582
145906,1478
127865,1393
136110,1197
137585,1100
131533,1091
172027,984
131117,981
130259,914
125465,883
166633,804
124204,801
152836,794
136860,708
123373,686
154002,626
125564,612
1226293,579
1076484,555
168610,532
168592,529
139086,524
153475,519
128959,516
144051,500
146684,498
124553,493
138431,488
152662,485
147594,482
125424,466
127495,460
963476,459
140321,455
134015,440
148089,434
130727,431
730008,430
142179,429
132135,427
1859039,410
166006,402
162634,402
141688,398
143094,398
755371,396
134393,396
135750,386
131698,370
1869763,363
144714,356
193179,346
1238932,343
128730,333
1378631,330
1697200,327
638318,322
180843,321
1729232,316
1687082,313
134849,312
149739,310
1213427,308
921642,307
172914,307
184374,300
1695279,294
197170,291
833666,289
141761,285
1064397,284
450618,282
1920477,274
532135,266
127081,266
154652,261
1057664,256
466944,252
164593,251
148690,250
141548,249
1108814,245
160612,241
241461,241
1962198,240
1949394,238
1420770,235
432275,234
1031440,232
1746190,232
1676837,232
1769937,232
1626903,230
141300,229
1982904,228
1661761,227
182578,227
644425,227
1769705,225
806803,224
1773356,222
1325648,222
1992625,221
858304,219
1567172,217
183194,216
1730006,214
164051,213
1523882,213
1882156,212
129831,210
188052,209
133584,208
1229740,208
1515649,207
1018841,205
943243,203
1744232,203
2155094,202
178058,202
176490,198
1498329,198
1547971,196
2463317,196
1337205,196
1484078,194
151551,194
763288,193
503972,193
1858651,192
1800440,190
1566348,190
709832,190
1615177,190
144585,189
883661,189
2829293,188
1210233,187
1484383,185
169961,185
1446293,184
1048184,183
1738544,181
158028,178
1793377,177
181453,176
1675905,175
865225,173
265806,173
1956527,172
155735,169
1889597,168
1662059,168
196859,168
154823,167
467817,167
254493,167
144931,166
1146287,166
1851598,165
1295171,164
716777,162
1241304,162
1515339,161
140877,160
1309537,159
1695878,158
686884,157
194182,157
849468,157
167112,157
1463543,156
135459,155
1530271,154
1260666,154
1501987,153
203856,153
627759,152
1516843,151
195076,151
585830,150
2752000,150
1692935,150
155381,150
1449570,148
1175903,148
144727,147
1954806,147
547674,146
795320,145
161541,145
174258,145
451969,145
263699,144
417055,144
903647,143
183945,142
550322,140
1831026,140
1787191,140
1106101,140
159931,139
452942,139
1355618,139
2396750,139
1996590,138
714374,137
204063,137
174391,136
472922,136
693185,135
163328,135
181737,135
1090064,134
268562,134
432268,134
199231,134
182915,134
832622,133
1913010,133
1003076,132
870184,132
522755,132
987052,131
1674806,130
1172052,130
683251,130
1662825,130
139792,129
1187659,128
1770781,128
2673874,128
187984,128
834620,127
657626,127
2783742,126
1010926,123
2565135,123
948002,123
1010328,122
180014,120
729362,120
156607,120
416213,119
304354,119
374312,119
1419083,119
218606,119
1730182,119
199457,118
724319,118
187477,118
1274956,118
1678888,118
1113191,117
550590,117
183200,117
617766,116
1542250,116
1335648,116
1009845,115
945880,114
2696735,114
254960,114
175496,114
1940985,114
616682,114
561264,112
1565667,112
1805488,112
637670,112
468020,112
1174307,112
195124,111
1754771,111
985499,110
1390469,110
330238,110
1545760,110
429191,109
1240309,108
781825,108
1126889,108
987536,108
1166927,108
1429022,108
149913,107
149655,107
241759,107
1737394,106
227716,106
1005880,105
1826136,105
152510,105
1308013,105
753788,104
1415952,104
1163553,104
1109803,103
1186923,103
305868,103
150752,103
545632,103
946530,103
1334728,102
961819,102
1179273,102
1714731,102
2586703,101
1273589,100
1082379,100
2063202,100
862446,100
1808470,99
1698166,99
2743152,99
1453669,99
756784,98
1630499,98
1522253,98
1223725,97
150138,97
334588,97
1693615,97
555308,97
1433766,96
176025,96
2758251,96
185800,96
1213752,95
721403,95
2673990,95
737598,94
1164757,94
890105,94
1366699,94
999837,94
1872602,94
1967750,94
1000270,94
147440,94
1427750,94
617013,93
1608617,93
1424454,93
1317846,93
1437612,93
1313942,93
746366,93
1050242,93
756819,93
1549763,93
889239,93
443464,93
916639,92
241019,92
155820,92
1379493,92
323450,92
272388,92
1636171,92
255986,92
1849737,91
165468,91
1621234,91
169179,90
932347,90
1251617,90
982932,90
1093026,90
925665,90
1534987,90
2261828,90
1961311,89
866304,89
269172,89
178527,89
152998,88
1750582,88
1016759,88
1875147,88
2337876,87
1339136,87
1404676,87
1505204,87
276763,87
1366101,87
424962,87
2340996,86
187164,86
2620667,86
1764436,86
1817073,86
1729496,86
233596,85
1928796,85
185226,85
185182,85
607186,85
1496861,85
834814,85
263981,85
538143,84
1362593,84
193361,84
258206,84
1133906,84
2531493,84
527885,84
1788819,83
618661,83
1655531,83
1881176,83
1603811,82
902478,82
1459957,82
1000739,82
1447941,82
1001122,82
838983,82
918064,82
365727,82
1749759,82
555063,82
1063761,81
1812370,81
2529948,81
1210197,81
1980086,81
396894,81
624407,81
325470,81
1796472,81
985087,81
1880294,81
499195,81
177394,81
1268360,80
1640972,80
1082384,80
668280,80
1188264,80
1359622,80
1630965,80
982621,80
1860491,79
200393,79
1313746,79
1209909,79
1832896,79
1800249,78
1463604,78
1294261,78
2444721,78
531077,78
1476825,78
345146,77
233953,77
1882731,77
1584000,77
1278211,77
1266176,77
864981,76
721424,76
1625102,76
610093,76
168012,76
1529884,76
815195,76
1260731,76
757135,76
937638,75
694477,75
1212992,75
671761,75
391525,75
986324,75
1968677,75
467091,75
145417,74
703458,74
240208,74
1763585,74
200269,74
1731270,74
789767,74
920927,74
597314,74
1459539,74
1312996,74
1076157,73
344877,73
1821702,73
2937389,73
387552,73
175600,73
1806296,73
1989948,73
562188,73
865585,73
987743,73
403038,73
887454,73
2916025,73
1880626,73
655775,73
1207456,73
1228651,73
288472,72
1009546,72
2366355,72
2004376,72
479018,72
871172,72
284665,72
1384766,72
1294852,72
173235,72
1671970,72
480832,71
1259708,71
1224461,71
424691,71
1110122,71
1869056,71
902200,71
1215281,71
160346,71
1638869,71
1147823,71
517802,71
877767,70
408994,70
1905844,70
1033454,70
568875,70
858828,70
914136,70
732995,70
2793818,70
765473,70
782051,70
615644,70
1390212,69
987569,69
224876,69
389631,69
904766,69
524341,69
197391,69
859889,69
1254547,69
2720289,69
1596783,68
1896772,68
1497935,68
1188641,68
2590191,68
1871026,68
1979590,68
1429859,68
693849,68
1832871,68
802815,68
234144,68
1459683,68
682043,68
1745124,68
253667,67
149459,67
619157,67
1408079,67
1493246,67
1379559,67
1878529,67
1749401,67
1241917,67
1460606,67
1869940,67
926842,66
1692683,66
655967,66
1092231,66
1220393,66
1255726,66
178429,66
2553295,66
1058632,66
1845636,66
1008562,66
931734,66
1528722,66
1784020,66
157448,66
2826127,66
1013498,66
188485,65
823534,65
1077123,65
795254,65
1766932,65
451591,65
179124,65
665360,65
2494898,65
1939936,65
534612,65
1940255,65
1741645,65
2579422,65
1959943,65
1976130,65
561864,65
2064568,65
652189,65
1492185,65
1099081,65
1842923,64
1356952,64
1418138,64
2098200,64
1207360,64
1645046,64
1768956,64
1090219,64
873547,64
227818,64
1499974,64
864299,64
1700282,64
362332,63
1731993,63
497719,63
898283,63
1709498,63
1598962,63
2080312,63
1479699,63
340686,63
1472909,63
1679420,63
2303880,63
2653183,62
368245,62
1444142,62
577391,62
1783600,62
517998,62
1083818,62
1711225,62
194128,62
371022,62
341450,62
405907,61
1361162,61
1924247,61
503009,61
1897655,61
1991314,61
1875650,61
404235,61
2850568,61
1303995,61
348662,61
1064880,61
1247578,61
442500,61
1710886,61
686720,61
1563416,61
2530612,60
280734,60
1126394,60
1548554,60
960463,60
1738690,60
999526,60
194232,60
554095,60
226072,60
1726201,60
1715008,60
1987884,60
988239,60
765009,60
989029,59
190793,59
887695,59
158794,59
2057975,59
1142945,59
1916904,59
507732,59
1330312,59
1018136,59
247125,59
368421,59
299987,59
2160087,58
2280839,58
932152,58
1674936,58
301960,58
2310753,58
1211562,58
1111873,58
1895348,58
712527,58
451754,58
1919019,58
1099773,57
1983744,57
1979624,57
1842684,57
391450,57
1527946,57
1163129,57
1711936,57
1840637,57
1625843,57
1528337,57
1834223,57
541999,57
321674,57
708064,57
958423,57
191243,57
383730,57
287475,57
773361,57
1019819,57
1002863,57
2654048,56
2595491,56
2075137,56
706145,56
1424883,56
1539576,56
1309118,56
833599,56
363135,56
1973037,56
377131,56
228702,56
576743,56
1689209,56
1800907,56
190238,56
1045604,56
1069879,56
159395,56
1707988,56
590893,56
1146825,56
1108555,55
382883,55
727157,55
868096,55
1042783,55
1737699,55
2884139,55
551782,55
1056939,55
1883531,55
1605839,55
2141414,55
1694131,55
285225,55
580060,55
1517307,54
468314,54
640617,54
317029,54
569424,54
658625,54
671958,54
1835732,54
1706067,54
1618682,54
1333316,54
1287535,54
2343054,54
1023159,54
1292843,54
1188713,54
534314,54
326784,53
403748,53
980230,53
1271853,53
1809616,53
677837,53
1831657,53
1205016,53
1436642,53
947192,53
2686655,53
654025,53
309634,53
933691,53
1364569,53
391907,53
1056174,53
1773535,53
2201631,53
2379488,53
1880689,53
1017726,53
222318,53
708493,52
574286,52
1468203,52
1768942,52
1581933,52
2859490,52
670966,52
1149283,52
644706,52
2366148,52
2596674,52
2636291,52
322434,52
1551720,52
439630,52
1530913,52
1435687,52
721699,51
1316404,51
1607852,51
430708,51
427691,51
1019581,51
259136,51
1871370,51
1680252,51
929570,51
1236359,51
1176605,51
1145592,51
229145,51
1455272,51
965768,51
2595752,51
195613,51
1194539,51
1242074,51
527130,51
439655,50
1717449,50
784545,50
722678,50
1873684,50
780380,50
1896920,50
1413486,50
2281848,50
2807362,50
742741,50
733561,50
2046224,50
725296,50
2303762,50
407323,50
1176070,50
765872,50
1672802,50
1547178,50
575727,50
459535,49
909677,49
2396177,49
615009,49
2821045,49
693222,49
1824330,49
1338469,49
349579,49
2239596,49
350461,49
533452,49
1808106,49
1028680,49
2916826,49
2035790,49
1043392,48
1257812,48
181161,48
1547051,48
206536,48
1265357,48
1110676,48
1091654,48
1473684,48
1285647,48
366475,48
242782,48
1095695,48
492247,48
1650899,48
1790955,48
1103425,48
1818228,48
859692,48
544964,48
377662,48
578862,48
2051413,48
2771965,48
763393,48
536347,48
809891,48
986296,48
256646,48
1063576,48
2531779,48
734229,48
1480942,47
656480,47
1909065,47
1634960,47
797218,47
1884484,47
1198628,47
1532367,47
1121132,47
1328587,47
472333,47
1844025,47
1566870,47
1490515,47
635364,47
2885734,47
1000254,47
297536,47
1414833,46
592539,46
2778191,46
231133,46
581032,46
1686260,46
1717057,46
1191124,46
283107,46
2684666,46
962489,46
1523096,46
1969604,46
1967775,46
1366530,46
240137,46
301159,46
770712,46
323870,46
1866411,46
1952622,46
620288,46
979046,46
2109871,46
782079,46
2163773,46
619977,46
1255302,46
903091,46
1766461,46
1697202,46
603369,46
1308832,46
278104,46
1460767,46
1813420,45
1816796,45
998947,45
1663870,45
1110985,45
329400,45
2468805,45
851603,45
1112955,45
1912012,45
2248191,45
573593,45
1841367,45
713790,45
435001,45
718654,45
1924050,45
1934214,45
1971222,45
2900227,45
1461623,45
948174,45
342311,45
1698815,45
2044701,45
1036192,45
1599225,45
350549,45
1044125,45
2011987,45
1514308,45
1720525,45
343137,45
360837,44
458919,44
1122460,44
1971103,44
1685669,44
1317747,44
704314,44
269371,44
1478427,44
336097,44
2521310,44
315804,44
2215805,44
620524,44
1144308,44
1925838,44
595269,44
2771463,44
555311,44
1246981,44
760309,44
479885,44
1613149,44
2125959,44
1340234,44
397391,44
1198944,44
1328898,44
2650470,44
2488048,44
1788074,44
2252812,44
660136,44
1973664,43
376881,43
357231,43
2628747,43
1822664,43
699225,43
147020,43
192258,43
1178721,43
339498,43
1257763,43
1250367,43
1364866,43
2077141,43
1951265,43
588814,43
2776206,43
1667586,43
1584094,43
2250584,43
396259,43
1469072,43
1200223,42
2859339,42
576000,42
1074283,42
943143,42
1745932,42
1154504,42
1941671,42
1585757,42
1614071,42
2429745,42
449609,42
1417294,42
337018,42
1731468,42
616481,42
232082,42
314633,42
1316534,42
795734,42
313568,42
466603,42
1482569,42
838207,42
499380,42
162491,42
1099530,42
424703,42
2465813,42
836631,42
1679360,42
1339601,42
2686855,42
1112658,42
756020,41
781281,41
1693091,41
208647,41
948396,41
1613579,41
1445609,41
453349,41
1094009,41
698130,41
296430,41
478490,41
952053,41
1981289,41
1015626,41
672419,41
2231364,41
1541730,41
911132,41
1570915,41
1121730,41
493265,41
1354920,41
1129399,41
236557,41
1334351,41
1574548,41
1261393,41
914568,41
2520466,41
1819243,41
375444,41
198271,41
1255234,41
1815068,41
315240,41
714372,41
1294660,40
1944337,40
2073013,40
2058499,40
1279220,40
1353012,40
1623440,40
1390540,40
178753,40
549751,40
1310462,40
538840,40
1219459,40
1329021,40
977381,40
358662,40
1045120,40
1589928,40
709521,40
573147,40
1069265,40
1712415,40
295072,40
1814462,40
1861964,40
1665666,40
1763704,40
1797448,40
190529,40
1429912,39
360595,39
1434272,39
414009,39
2443818,39
2902058,39
526216,39
725242,39
445150,39
613085,39
1942313,39
216959,39
2569151,39
731134,39
397183,39
1207217,39
1691700,39
2707303,39
2646149,39
1496340,39
295362,39
1859768,39
1636573,39
266651,39
1899687,39
1619658,39
2343090,39
498544,39
2845075,39
675714,39
1457171,39
1344940,39
1036336,39
1893305,39
984289,39
1392841,39
2254041,39
780217,39
1017773,38
2334570,38
1798233,38
1106697,38
1406056,38
667268,38
1993236,38
861707,38
1213796,38
940419,38
1821947,38
2780710,38
595048,38
1310167,38
666332,38
972745,38
876394,38
1481329,38
2493150,38
1785451,38
879452,38
1465348,38
2180197,38
884737,38
2406172,38
1586334,38
890500,38
1281064,38
278878,38
1769671,38
574909,38
858647,38
1574534,38
614384,38
319191,38
806919,38
1433240,38
719301,38
720017,38
1937688,38
631251,37
596740,37
2719579,37
1543836,37
1194169,37
1020585,37
628492,37
1427330,37
1286229,37
1410653,37
1402874,37
1160869,37
1486261,37
1689615,37
1353811,37
928312,37
485187,37
1761515,37
2877562,37
1219754,37
222467,37
671410,37
1795313,37
762257,37
308000,37
1164098,37
1139708,37
405258,37
1147844,37
2955585,37
2426137,37
386314,37
1918815,37
1718885,37
1154854,37
1011749,37
365608,37
846699,37
1772024,37
310454,37
354557,37
951810,37
1618192,37
2417674,37
1605589,37
293711,37
1273915,36
874053,36
552889,36
2492236,36
2262637,36
1854157,36
591636,36
398222,36
2955734,36
427952,36
1936454,36
2714854,36
518200,36
1022099,36
341294,36
231418,36
1382388,36
1348294,36
2291737,36
847550,36
1669625,36
1148823,36
1974220,36
2236896,36
360075,36
1483562,36
986546,36
1617260,36
2700492,36
191514,36
1901762,36
1643568,36
1582487,36
828847,36
1567312,36
2120468,36
1904556,36
959200,36
1860720,36
267405,35
1631851,35
1570102,35
350977,35
1706040,35
1054067,35
1398523,35
1038233,35
1943496,35
1187427,35
1593041,35
1186050,35
714449,35
1351301,35
1001829,35
2703625,35
552718,35
1831674,35
306500,35
1929594,35
741141,35
308150,35
1158451,35
933074,35
2577550,35
507766,35
298336,35
310735,35
1814016,35
2833955,35
1646340,35
2329479,35
1647187,35
1197228,35
293358,35
2552714,35
1333481,35
393530,35
1821110,35
1982555,35
967675,35
1520680,35
379441,34
2599464,34
1159412,34
2273596,34
1057930,34
1609392,34
1163310,34
2273798,34
1592185,34
390071,34
974504,34
1110928,34
1592912,34
369899,34
478077,34
1917409,34
1857721,34
553143,34
1329072,34
1391846,34
1331220,34
1904669,34
786827,34
1911737,34
1488836,34
2931769,34
1543130,34
1692989,34
1367424,34
1950240,34
1467760,34
1347405,34
599262,34
549867,34
540342,34
1546247,34
1277141,34
684381,34
597279,34
918397,34
255476,34
1450450,34
2641483,34
1432504,34
2315001,34
1844844,34
539385,34
1263582,34
673731,33
2465812,33
501426,33
1833941,33
2932257,33
1437907,33
242661,33
2151515,33
463324,33
281431,33
814116,33
1857455,33
1867652,33
298830,33
1450102,33
491342,33
2872227,33
1808901,33
1529320,33
1158313,33
1141067,33
739541,33
1706448,33
374793,33
646029,33
632507,33
1217094,33
1262352,33
901186,33
257262,33
1278888,33
428942,33
2028346,33
1300249,33
1557314,33
543189,33
1621646,33
484978,33
1748585,33
523845,33
1832038,33
846616,33
1083638,33
1525577,32
1342040,32
2848341,32
1454376,32
1832150,32
1425193,32
1774524,32
1183835,32
1210991,32
1174940,32
2642307,32
646512,32
226278,32
508973,32
913691,32
423547,32
1256956,32
1216038,32
2456857,32
1090011,32
2559484,32
2459885,32
925104,32
1622747,32
1877137,32
1154732,32
1409027,32
2755189,32
1665000,32
1396660,32
1396878,32
466311,32
1913424,32
2257456,32
312893,32
1798127,32
2107392,32
1916198,32
749329,32
934639,32
626764,32
1984705,32
384731,32
642677,31
221704,31
698153,31
1785957,31
1767713,31
690829,31
1458668,31
1793868,31
684027,31
1479136,31
1072638,31
1487216,31
640839,31
2781713,31
2460736,31
561215,31
364862,31
2345674,31
1988815,31
2354093,31
848848,31
1964198,31
883838,31
1170357,31
2746761,31
2901393,31
802278,31
2770385,31
2310731,31
376219,31
1407928,31
422368,31
302356,31
2148471,31
572613,31
1841429,31
1680968,31
1606923,31
1848727,31
1134208,31
1863819,31
852204,31
344292,30
2821340,30
1734206,30
1499177,30
1252187,30
1494097,30
2087286,30
1995373,30
2192234,30
364092,30
1509299,30
1225430,30
1956818,30
1651708,30
2940176,30
2150854,30
1605090,30
240913,30
1688316,30
291364,30
1689782,30
1413981,30
1940267,30
2812364,30
1354299,30
279859,30
370717,30
1834911,30
2900163,30
1963564,30
174799,30
356619,30
1595305,30
743728,30
867148,30
217822,30
909221,30
1032186,30
741980,30
1006741,30
854404,30
2245994,30
880935,30
1021482,30
2668203,30
2269659,30
820057,30
582976,30
654681,30
591853,30
862815,30
2264245,30
451860,30
569795,29
1114041,29
571441,29
645661,29
2362525,29
325844,29
2122305,29
1692512,29
1947410,29
1361212,29
381444,29
1363651,29
2228408,29
559634,29
2626811,29
1231740,29
2846069,29
2886469,29
1173025,29
369203,29
2595829,29
957927,29
948805,29
944766,29
1227811,29
546398,29
1319519,29
1135348,29
1272718,29
1283795,29
1287390,29
2674810,29
2015751,29
2014299,29
512791,29
1318793,29
1693454,29
1155639,29
730604,29
740349,29
2481108,29
222762,29
1487957,29
1504330,29
2477276,29
1451390,29
746029,29
1046957,29
1750560,29
1717957,29
227442,29
1725981,29
458666,29
2796868,29
1846399,29
1839313,29
1733906,29
1434163,29
2203043,29
2525612,29
383302,29
1786364,29
653200,29
2408077,29
1511014,29
2546911,29
783906,29
2412589,29
808736,29
1571446,28
1760942,28
2260466,28
279547,28
644208,28
235441,28
709848,28
966875,28
1233020,28
420498,28
493510,28
2590650,28
1232187,28
2806136,28
542348,28
1568020,28
232383,28
2487984,28
287235,28
361530,28
1519172,28
1289744,28
2354652,28
2382109,28
1373876,28
2546173,28
1701960,28
1703776,28
1391320,28
1360406,28
1690461,28
1957774,28
1352656,28
767710,28
845730,28
609338,28
441162,28
311350,28
2577018,28
1979533,28
1769204,28
1986986,28
331636,28
1992563,28
863680,28
2339613,28
2896412,28
171284,28
1673120,28
810197,28
301873,28
1497029,28
1298692,28
824029,28
2757438,28
2619062,28
1573992,28
1038630,28
1601008,28
2606386,28
2605192,27
1052971,27
484069,27
1783169,27
499679,27
2190326,27
1205802,27
515827,27
1483804,27
234407,27
1930368,27
747846,27
1584916,27
818635,27
2735011,27
818210,27
2922418,27
1225471,27
929861,27
658706,27
657768,27
1363948,27
1416608,27
234276,27
1931852,27
2921697,27
2557055,27
994626,27
2760153,27
1844408,27
708613,27
1126241,27
194369,27
1007691,27
872951,27
876938,27
1299190,27
2328827,27
727382,27
1978193,27
1682362,27
1719221,27
346143,27
252102,27
455720,27
1684099,27
2581384,27
326908,27
2431951,27
1422015,27
1049694,27
918827,27
1955887,27
2281299,27
1322682,27
451300,27
523731,27
2903209,27
1154164,27
404345,27
1567231,27
1177997,27
535857,27
1173459,27
645460,27
2548121,27
1480010,27
509406,27
782555,27
1390827,26
1767052,26
2835159,26
1614043,26
989581,26
2511676,26
578153,26
699053,26
2871253,26
1776178,26
544038,26
664558,26
2146328,26
580227,26
473854,26
1504304,26
2609834,26
1440124,26
1745076,26
918212,26
2625924,26
489770,26
1591403,26
1164793,26
839499,26
898529,26
209578,26
474493,26
2476239,26
2861781,26
1654922,26
448965,26
1282254,26
2851067,26
1119245,26
1981995,26
1482652,26
455295,26
401533,26
1296364,26
322704,26
1944753,26
1640699,26
2273244,26
1107693,26
1990624,26
1505709,26
1496586,26
2235312,26
1156321,26
2420796,26
2863546,26
1696364,26
1716472,26
1046153,26
2131449,26
2251739,26
223146,26
431702,26
1326545,26
2331652,26
2926339,26
649983,26
1383415,26
582430,26
614741,26
2021815,26
1776280,26
1027436,26
1142056,26
2119766,26
1939748,26
1576942,25
1821048,25
226564,25
2573155,25
2794512,25
649440,25
558669,25
2635020,25
1315960,25
1275627,25
1846462,25
1069002,25
2459331,25
1852076,25
397303,25
341976,25
1132884,25
2027980,25
1728434,25
857508,25
2255218,25
1289088,25
696761,25
1836919,25
331370,25
1677685,25
2755484,25
1994009,25
1833819,25
897494,25
1925179,25
1258330,25
928269,25
2216225,25
947584,25
2856326,25
968649,25
1801597,25
1946466,25
2958376,25
283584,25
1143588,25
1030312,25
1777332,25
938882,25
2130962,25
1939556,25
1224275,25
1481998,25
1383321,25
1640697,25
1049981,25
969553,25
754797,25
1607671,25
1249033,25
826672,25
1510617,25
1206618,25
1271400,25
1269149,25
1263897,25
1522959,25
1375928,25
1780765,25
919589,25
956997,25
1257871,25
2728805,25
1256434,25
2828426,25
1420896,25
2215751,25
1955988,25
420842,25
2273951,25
1327789,24
516963,24
801920,24
2204233,24
1323121,24
2660685,24
1513452,24
1908561,24
813428,24
2758175,24
2784137,24
441224,24
1977540,24
1861000,24
443517,24
1906757,24
329769,24
595965,24
2158754,24
331706,24
2903392,24
1386350,24
324607,24
1516223,24
822724,24
1113599,24
861118,24
1028330,24
243449,24
622041,24
1458403,24
2267346,24
1544791,24
1789714,24
653960,24
1129875,24
293370,24
1762904,24
461413,24
1231865,24
664127,24
2649640,24
636785,24
2286628,24
1562701,24
942188,24
1558936,24
430096,24
2290809,24
1747742,24
935316,24
688271,24
661589,24
1512783,24
992520,24
2266600,24
1571668,24
276603,24
712843,24
1317878,24
525355,24
1054480,24
1252971,24
286495,24
1448326,24
2475963,24
1613854,24
352365,24
1250402,23
673166,23
916397,23
1872036,23
376859,23
1620318,23
230856,23
917461,23
1951168,23
820244,23
1651965,23
2209432,23
1461091,23
1247623,23
1024498,23
1954824,23
656716,23
1556504,23
226529,23
1711224,23
2505803,23
1479569,23
1153545,23
1168767,23
1169722,23
2126196,23
1774617,23
486350,23
1915220,23
766885,23
2392287,23
1032906,23
2211789,23
1628630,23
1699137,23
189303,23
757774,23
1635675,23
1467111,23
1088129,23
1465824,23
954303,23
2730831,23
392822,23
2478494,23
2406399,23
2560442,23
1996278,23
2742743,23
2876727,23
186629,23
1121351,23
1578743,23
723450,23
851656,23
1836461,23
1988709,23
2516218,23
877479,23
1852099,23
691861,23
1664350,23
1336309,23
1726756,23
2578061,23
439740,23
1669291,23
1047613,23
1846864,23
2005622,23
1346753,23
207710,23
1454808,23
1841448,23
566327,23
1807257,23
2005822,23
1071711,22
1498534,22
1465594,22
800975,22
2440235,22
2769473,22
496108,22
1391477,22
983905,22
537285,22
1702526,22
1598777,22
2822800,22
799723,22
1706964,22
2936752,22
2333126,22
1849707,22
528590,22
1918309,22
1167757,22
708549,22
978935,22
791847,22
2266220,22
1879504,22
1320203,22
302723,22
2363191,22
1229092,22
2864831,22
1791784,22
1965742,22
1274052,22
1141778,22
920132,22
2799298,22
2708578,22
1948542,22
1610801,22
682871,22
427500,22
327817,22
924335,22
637042,22
1799377,22
421373,22
251937,22
1685489,22
1652667,22
1935592,22
1518795,22
1115223,22
1462172,22
2080447,22
2948324,22
690634,22
815826,22
1092842,21
2505335,21
2441719,21
2432534,21
710834,21
774379,21
2867662,21
313671,21
1809964,21
695314,21
1756163,21
1839031,21
2930542,21
2806944,21
1727383,21
1604219,21
1415190,21
460573,21
2461058,21
1495368,21
2623904,21
750005,21
1472591,21
1473668,21
1430716,21
2904350,21
735675,21
1859977,21
625370,21
2253252,21
2403142,21
2003299,21
1687910,21
1317673,21
955151,21
1564333,21
1522670,21
1015917,21
1950621,21
2375866,21
2935830,21
1310632,21
2238060,21
541133,21
511441,21
2015956,21
922038,21
1123982,21
1322953,21
1248293,21
1237986,21
1120148,21
2074214,21
861613,21
2150289,21
2842792,21
1221372,21
1978905,21
2874874,21
1526552,21
2356401,21
1616442,21
1345027,21
842449,21
1325194,21
1014293,21
1189511,21
1985339,21
992169,21
2140050,21
1913039,21
523495,21
1251146,21
2692985,21
1285684,21
2319586,21
1096999,21
2034407,21
800996,21
1703034,21
2661998,21
315655,21
878960,21
972048,21
1661651,21
1180533,21
1274400,21
2340200,20
463728,20
1491849,20
213089,20
427568,20
269950,20
681455,20
1448967,20
565571,20
355463,20
1453730,20
2510283,20
699783,20
1795593,20
1491763,20
1136365,20
2330296,20
2482633,20
2936514,20
2841727,20
2576099,20
625308,20
2702384,20
870021,20
1673742,20
354610,20
2954118,20
670722,20
1125393,20
2701429,20
2740458,20
238402,20
2468077,20
1242444,20
395702,20
830504,20
2164018,20
739555,20
2696263,20
597613,20
803339,20
1146704,20
2256658,20
1703994,20
2411704,20
993753,20
1770993,20
1375793,20
485462,20
232899,20
1606484,20
244379,20
1428822,20
1408354,20
753871,20
601482,20
1351623,20
1057309,20
359431,20
542159,20
2660249,20
273492,20
2874536,20
2566412,20
2168764,20
851692,20
1391906,20
2622679,20
1219000,20
936038,20
2129553,20
2650125,20
442171,20
832705,20
2419758,20
1422762,20
1579355,20
1716120,20
2296481,19
2960969,19
487852,19
679340,19
905717,19
1477398,19
904251,19
1620576,19
548667,19
2121378,19
1180202,19
1650003,19
292441,19
2478188,19
1231549,19
495224,19
2135637,19
1759585,19
1645834,19
1596301,19
670389,19
1797023,19
2085253,19
234372,19
952643,19
1647277,19
418998,19
494731,19
1195998,19
536592,19
2586147,19
1754708,19
2737889,19
1780063,19
2309132,19
1064359,19
1300112,19
1273149,19
1030240,19
577053,19
1041411,19
1503791,19
1600987,19
170762,19
1580030,19
1422568,19
1012189,19
2358935,19
2347208,19
1008474,19
2339359,19
1847822,19
1044663,19
1845435,19
816840,19
1876426,19
2445075,19
454564,19
783215,19
247599,19
1511595,19
2543997,19
2213992,19
1917842,19
1890107,19
1384226,19
1098399,19
500622,19
1084380,19
1368315,19
1414750,19
1518052,19
2934055,19
459700,19
300980,19
2747774,19
2816095,19
2645343,19
1832209,19
1666866,19
2464025,19
2464257,19
2647046,19
2578545,19
1066244,19
1835307,19
1746967,19
1279089,19
690330,19
2318793,19
1449758,19
900878,19
686614,19
2239701,19
2623770,19
556224,19
1124509,19
1312162,19
872442,19
2522622,19
871903,19
528243,18
2537804,18
2835610,18
2941958,18
271412,18
638571,18
1598390,18
2549740,18
487992,18
1714387,18
471376,18
2837884,18
1710208,18
505772,18
1556013,18
643385,18
482477,18
1755186,18
622527,18
1649107,18
1638062,18
2605640,18
237589,18
600840,18
1527117,18
571536,18
474665,18
1652750,18
2834619,18
1727972,18
254238,18
481258,18
469932,18
2411425,18
2698134,18
2736018,18
2756176,18
335248,18
869052,18
1314666,18
1311397,18
2909134,18
1299039,18
2154123,18
1291744,18
2316070,18
1007290,18
347112,18
2902365,18
1842792,18
2047325,18
912273,18
913142,18
706647,18
351928,18
2063849,18
1043198,18
2460620,18
2144424,18
1986895,18
394079,18
1983338,18
820211,18
1377639,18
2171304,18
809343,18
1030910,18
799238,18
1934274,18
1102551,18
2217216,18
815527,18
1388246,18
1389231,18
1976612,18
384260,18
831463,18
379201,18
1037420,18
778237,18
773497,18
1895994,18
2920428,18
2410432,18
848251,18
1829992,18
1380305,18
1237090,18
996851,18
678415,18
993779,18
409531,18
970010,18
673917,18
2130194,18
2104233,18
1792505,18
1063294,18
1786525,18
2495121,18
401725,18
1780941,18
1149455,18
1165054,18
1780558,18
652854,18
1776443,18
2693376,18
1772362,18
645694,18
1455118,18
463678,18
416027,18
2186524,18
2685907,18
1441700,18
930279,18
1454374,18
2140811,18
2732280,18
928978,18
230875,17
2268666,17
231716,17
521203,17
1350479,17
2740079,17
940367,17
2049728,17
826125,17
2834294,17
1349696,17
2033686,17
2055795,17
824318,17
2840984,17
514036,17
815986,17
1132735,17
979016,17
1621980,17
1160073,17
2064239,17
1368672,17
1155299,17
2115784,17
1524171,17
2360471,17
1289102,17
879997,17
901631,17
2839578,17
553936,17
958617,17
2016734,17
2688785,17
1314014,17
426346,17
965888,17
1014880,17
477660,17
2753495,17
233468,17
1111981,17
1610980,17
548104,17
2298895,17
2668216,17
2722274,17
2092301,17
568059,17
2758095,17
1680076,17
2637703,17
2045492,17
852319,17
2351339,17
486225,17
425423,17
2195317,17
2934869,17
686139,17
1817701,17
2469789,17
1822358,17
1055399,17
2775456,17
1892058,17
2655365,17
387732,17
1507056,17
1883172,17
609487,17
625911,17
2424628,17
2658329,17
2434104,17
1830328,17
1426525,17
2654735,17
1736145,17
1079034,17
706929,17
1734300,17
2524821,17
1922958,17
2452616,17
299080,17
614775,17
607037,17
2529552,17
680249,17
283978,17
1918620,17
651557,17
272842,17
2813119,17
640121,17
1397005,17
313821,17
211146,17
1085150,17
674597,17
291676,17
675335,17
1624452,16
700357,16
1651169,16
975243,16
690873,16
704861,16
2305405,16
641806,16
295304,16
2086931,16
1735083,16
2135899,16
406895,16
2196467,16
650770,16
2445656,16
648758,16
2508510,16
1740815,16
2711691,16
1553876,16
2517880,16
2182859,16
1792993,16
1181917,16
1828664,16
2073553,16
2892101,16
1757760,16
2737885,16
1783282,16
1438673,16
265428,16
1803860,16
544045,16
927817,16
1553158,16
1557847,16
459290,16
1431355,16
1584972,16
855939,16
850498,16
1399833,16
1894639,16
1399020,16
2563106,16
247465,16
1708628,16
2559060,16
2403303,16
828903,16
476080,16
828743,16
2373592,16
2398521,16
1911182,16
2763524,16
382919,16
789011,16
1912383,16
1702813,16
1029668,16
2393569,16
588840,16
814901,16
2771196,16
1922553,16
766630,16
1972833,16
2869596,16
1585534,16
1543199,16
2824615,16
2321411,16
2440064,16
2029039,16
2713643,16
2027145,16
1114441,16
1855564,16
343444,16
2438408,16
2827807,16
1499752,16
1501483,16
1314701,16
312324,16
1082745,16
2905597,16
1502343,16
1419870,16
2001228,16
1997699,16
2779933,16
1675253,16
753003,16
231466,15
1576857,15
402211,15
1058949,15
499042,15
1135080,15
515055,15
1123833,15
1079695,15
1583612,15
1068027,15
1096145,15
276259,15
1171728,15
613771,15
594682,15
1381917,15
1383632,15
245079,15
787799,15
786311,15
598578,15
779107,15
1411562,15
608649,15
305049,15
726174,15
216048,15
1428087,15
1432370,15
261679,15
268000,15
209001,15
636562,15
290919,15
271624,15
659088,15
1474262,15
209668,15
316117,15
445546,15
532252,15
1245038,15
973512,15
970500,15
367342,15
1195490,15
1565031,15
1196605,15
1197985,15
944012,15
1222019,15
1223581,15
1549943,15
1543845,15
1361906,15
1292293,15
1295893,15
433035,15
440058,15
567142,15
567599,15
836441,15
1522885,15
444246,15
829667,15
579746,15
1345080,15
1531631,15
2174236,15
1811245,15
2927762,15
1941937,15
2429104,15
2012840,15
2868598,15
2642071,15
2348346,15
2052790,15
1733365,15
2537366,15
1730589,15
2834590,15
1725162,15
2478626,15
1632303,15
2661203,15
1955352,15
2234578,15
2554847,15
1719559,15
2904743,15
2192590,15
2667547,15
2326124,15
2687363,15
2193759,15
2897833,15
2229395,15
2881970,15
2014078,15
2389457,15
2935879,15
1901073,15
2040862,15
2086426,15
1665899,15
2490518,15
2127264,15
2764488,15
2168553,15
2503472,15
2444237,15
2597516,15
2785640,15
2787694,15
2589683,15
2032140,15
2764635,15
2245184,15
2741268,15
1799162,15
2739219,15
498082,14
440363,14
317759,14
2670461,14
488181,14
1211296,14
1877932,14
1888892,14
1199931,14
860350,14
2634483,14
2360603,14
2837461,14
856483,14
465080,14
476730,14
2222184,14
1397874,14
2357523,14
2823710,14
2088804,14
1873222,14
399935,14
427227,14
344794,14
2114572,14
2738264,14
2132190,14
347538,14
1486197,14
2249133,14
2282065,14
303292,14
1172239,14
2117864,14
337074,14
2263252,14
976594,14
2768637,14
1776214,14
1775530,14
1167885,14
2111962,14
1864792,14
1535617,14
2820076,14
2095467,14
1859884,14
2233134,14
1191969,14
1190600,14
2812405,14
2810718,14
1818869,14
2312066,14
907548,14
1182071,14
1728908,14
2805241,14
379930,14
2239063,14
525014,14
1532718,14
1376921,14
598696,14
610956,14
1253724,14
1062440,14
2053531,14
751867,14
1322053,14
2914063,14
1060700,14
587536,14
2197725,14
1374373,14
1989763,14
1560875,14
2566600,14
1971393,14
2171671,14
2195049,14
1050416,14
612756,14
2008978,14
2525650,14
2924635,14
2484216,14
1280715,14
2957481,14
2026327,14
707767,14
1084504,14
2952142,14
716072,14
2019803,14
2443419,14
2509818,14
633179,14
1582012,14
2942706,14
736985,14
2014707,14
1072201,14
2566975,14
319514,14
2592943,14
1933787,14
1229153,14
1938670,14
785603,14
1952854,14
792780,14
2872079,14
2583485,14
795781,14
2198972,14
812029,14
1932569,13
1306088,13
736247,13
2592307,13
2571458,13
1934641,13
2430068,13
2743996,13
353973,13
951771,13
1365521,13
1936497,13
1453647,13
740322,13
2365085,13
2622193,13
333479,13
1284660,13
515521,13
1922124,13
2477847,13
666794,13
2761821,13
821189,13
1276802,13
2532470,13
1290861,13
1161988,13
514672,13
2612706,13
956499,13
827522,13
530550,13
475271,13
372214,13
744451,13
1842150,13
796216,13
2409102,13
1408529,13
2405283,13
1425852,13
2327027,13
2404693,13
421235,13
794456,13
1878047,13
1868145,13
1196314,13
2334566,13
785354,13
560251,13
2316191,13
2101150,13
931139,13
1839582,13
2108949,13
564650,13
2587651,13
1401470,13
2539211,13
549366,13
470444,13
916347,13
916090,13
550800,13
2651766,13
1356085,13
589983,13
461503,13
1328011,13
1996785,13
1184628,13
2161642,13
1538863,13
1639463,13
1031161,13
2191469,13
2853437,13
1721766,13
1581452,13
1138755,13
1723747,13
1034310,13
1671465,13
1034372,13
1039359,13
1117289,13
2945301,13
2207424,13
1604989,13
1739627,13
1536497,13
1740231,13
1009409,13
2185289,13
2814609,13
2145129,13
246037,13
2830897,13
1624526,13
1624345,13
2824638,13
1704630,13
1522010,13
2921183,13
1573248,13
1634527,13
2923916,13
1101822,13
2834871,13
1575533,13
264165,13
1023626,13
2141839,13
1634480,13
218762,13
246463,13
1756705,13
1657779,13
1663646,13
2863116,13
1049084,13
2132117,13
992623,13
1762397,13
1542652,13
1542251,13
2959486,13
195406,13
212624,13
2962646,13
1050289,13
216159,13
2205897,13
1557820,13
1045956,13
974129,13
2400816,12
2070968,12
1654826,12
2639042,12
2872180,12
583572,12
2873927,12
2548337,12
2349556,12
2895903,12
1955429,12
1892264,12
453545,12
2879483,12
1962680,12
2917165,12
456514,12
2575124,12
2393071,12
2656632,12
2656152,12
1522107,12
1345219,12
1550255,12
600482,12
2567610,12
1633754,12
1894935,12
1126054,12
759314,12
1341504,12
1681289,12
2156686,12
1321174,12
2862443,12
2588782,12
1334632,12
1220287,12
2378271,12
2564492,12
2079032,12
2856766,12
528120,12
819428,12
2598896,12
776147,12
2076178,12
219061,12
1931380,12
1561294,12
2376757,12
1900480,12
840165,12
2164765,12
1973331,12
2566679,12
483545,12
2632105,12
1211829,12
2865104,12
2412294,12
1918627,12
2364723,12
805512,12
1389014,12
2083361,12
2374314,12
1332029,12
1332388,12
2210425,12
2603909,12
1061890,12
2945782,12
2240411,12
2239187,12
1001785,12
711795,12
2801811,12
1171567,12
1601320,12
1493224,12
1601603,12
1299555,12
2295738,12
2710114,12
2725259,12
2299144,12
2723278,12
1303068,12
637032,12
1006362,12
1443184,12
915376,12
724917,12
2710989,12
1297588,12
2241310,12
1804642,12
2452390,12
1091440,12
2768056,12
2960025,12
1157136,12
2175054,12
1157402,12
2120351,12
685700,12
1600223,12
2126992,12
2457608,12
2749860,12
955742,12
344481,12
2497550,12
990892,12
296781,12
1490201,12
2499759,12
1804544,12
358673,12
1440450,12
920294,12
2929563,12
748419,12
1848844,12
895338,12
2322793,12
2924430,12
2141914,12
1011971,12
1012832,12
2423934,12
739233,12
2230057,12
2342226,12
2670837,12
1318448,12
2535883,12
2228385,12
2226744,12
2017483,12
1885460,12
2314460,12
1185240,12
1840180,12
1083036,12
1839844,12
2309796,12
2236220,12
1609912,12
633243,12
1589010,11
2958657,11
567453,11
2036807,11
2956453,11
2006660,11
1244364,11
1277646,11
2882239,11
2562575,11
1315221,11
1991804,11
563117,11
2908293,11
2572171,11
2570553,11
1626759,11
2881114,11
2963850,11
2922507,11
1246144,11
2041383,11
2059409,11
646552,11
2520148,11
1637348,11
1078038,11
2900682,11
2060880,11
2401751,11
2060009,11
1611671,11
2892306,11
1971894,11
579464,11
634755,11
587001,11
2440850,11
1981558,11
2453864,11
2428645,11
2454338,11
2437618,11
2918587,11
2526108,11
634306,11
1475816,11
1421674,11
2229148,11
423908,11
1131772,11
1648416,11
2330980,11
1707266,11
259934,11
2732591,11
255241,11
1874176,11
863134,11
1712963,11
2225950,11
1203092,11
856497,11
358479,11
997751,11
2650253,11
2789528,11
1686764,11
1755587,11
1708327,11
938057,11
2117415,11
2137252,11
1181529,11
390461,11
1439155,11
2809120,11
912462,11
2107747,11
288700,11
2698644,11
1722575,11
930824,11
290624,11
1432088,11
896330,11
2691997,11
407719,11
886686,11
2687880,11
1494967,11
1820237,11
2330380,11
1446885,11
1524526,11
821100,11
506816,11
1382749,11
2123850,11
527045,11
1930948,11
2267668,11
2595236,11
1368220,11
1768706,11
546688,11
2071030,11
201534,11
2201799,11
2578790,11
1235119,11
1959063,11
2875297,11
1476974,11
2858308,11
1002298,11
505877,11
2265088,11
1400094,11
1531410,11
334203,11
2754223,11
843274,11
843739,11
1028170,11
1674335,11
235073,11
1161038,10
2122960,10
2034791,10
1162261,10
2244325,10
1089872,10
981163,10
687702,10
2268614,10
2283350,10
1171513,10
2120713,10
1083102,10
680636,10
2036606,10
1276025,10
971268,10
701286,10
2175805,10
2397911,10
1001857,10
1139254,10
2216575,10
1032121,10
2214433,10
2363816,10
2410627,10
832070,10
2082667,10
1244000,10
811442,10
2206746,10
2385914,10
2156034,10
800530,10
2157942,10
2066274,10
798217,10
2396986,10
1025572,10
2221349,10
2413111,10
2188094,10
1080396,10
2233916,10
1073611,10
2233462,10
2327117,10
744180,10
2096293,10
750697,10
2414738,10
2343376,10
2144231,10
2090997,10
752471,10
2420901,10
1207541,10
2417217,10
1281865,10
1342972,10
676280,10
417969,10
413010,10
1852937,10
2693787,10
399913,10
2705569,10
1834416,10
1829354,10
2726766,10
2732613,10
1790121,10
1784108,10
1470980,10
1767995,10
1758655,10
302757,10
2789951,10
2791864,10
415231,10
2682289,10
2566009,10
445639,10
1953967,10
1942939,10
2591874,10
529528,10
1923283,10
1914359,10
504109,10
1387348,10
501519,10
497910,10
1393299,10
2635662,10
1399602,10
475151,10
1402140,10
1404266,10
2648913,10
2792945,10
2795279,10
1752487,10
1751606,10
220435,10
1667930,10
2865991,10
206510,10
196197,10
1552616,10
2888332,10
2912138,10
1568818,10
1572307,10
1615874,10
2939236,10
1582755,10
1609517,10
2953707,10
1587318,10
2963344,10
2854917,10
2851639,10
2844327,10
1505652,10
286193,10
2807264,10
277366,10
277270,10
276056,10
2813716,10
271428,10
268250,10
1526453,10
2817812,10
1510143,10
1715311,10
1713457,10
262756,10
1699509,10
1689146,10
1958416,10
2693392,10
2502074,10
2526611,10
2007230,10
2025428,10
660952,10
1998748,10
2008057,10
662706,10
588349,10
2556160,10
2540169,10
657712,10
655630,10
1150596,9
2431119,9
2764812,9
320279,9
2766518,9
1771893,9
975506,9
2517143,9
2509573,9
1307048,9
1750612,9
1263144,9
295745,9
734704,9
329069,9
994031,9
1146727,9
2804719,9
728275,9
636233,9
628722,9
2439344,9
282220,9
333335,9
2758287,9
2272458,9
373527,9
2298403,9
369599,9
1821433,9
1821212,9
1449671,9
2294030,9
2725374,9
2725433,9
2293670,9
1815839,9
943349,9
944061,9
944512,9
945246,9
569832,9
1805185,9
1166477,9
2015822,9
2048018,9
2281956,9
960906,9
338695,9
2275614,9
337867,9
1783253,9
1138140,9
2506903,9
570147,9
647288,9
2909999,9
2860188,9
214411,9
2039074,9
2202458,9
2491997,9
2871469,9
2473413,9
1555216,9
2885231,9
662537,9
1641889,9
2898794,9
2490203,9
647299,9
2031136,9
668229,9
1612907,9
2926997,9
2928750,9
2475563,9
669228,9
2947498,9
1279795,9
2484937,9
1600051,9
1285250,9
2472076,9
1538250,9
1668882,9
1042152,9
2816877,9
2716360,9
2494511,9
707158,9
704588,9
1130860,9
252891,9
251296,9
2829930,9
2832093,9
1685480,9
1022354,9
1684589,9
239986,9
239232,9
1026684,9
2461938,9
2147316,9
2850676,9
2214689,9
1673815,9
2855612,9
2151449,9
1041657,9
1274294,9
2724124,9
363702,9
2332476,9
1370848,9
2656158,9
2659134,9
814717,9
2383976,9
1373610,9
447893,9
530513,9
807839,9
1254028,9
875667,9
2665504,9
438881,9
1937078,9
2337484,9
2585116,9
2678083,9
1945610,9
423236,9
606223,9
468951,9
2381464,9
2076492,9
2414102,9
1327434,9
2610728,9
2625439,9
2627277,9
2631147,9
482993,9
1395315,9
594135,9
2608150,9
2544575,9
2602273,9
387281,9
2357947,9
2599988,9
2379658,9
2089475,9
2390187,9
2618083,9
571931,9
1343019,9
2427891,9
1970694,9
1854583,9
1854170,9
2097937,9
1352528,9
2009786,9
1347799,9
894000,9
406848,9
1960387,9
405646,9
2574541,9
2311419,9
622319,9
1182869,9
784810,9
387449,9
1982031,9
884056,9
794657,9
1235577,9
878388,9
1353354,9
2013288,9
550829,9
2485099,8
2368838,8
2845279,8
2493982,8
2564595,8
2377735,8
2600623,8
1090944,8
2613946,8
2949937,8
2174400,8
2953681,8
583437,8
2890525,8
2858756,8
2465306,8
805999,8
2582233,8
548685,8
2563646,8
2560627,8
2902322,8
2872204,8
2224658,8
2388023,8
2919188,8
1044722,8
557701,8
2188431,8
2557984,8
2205544,8
811614,8
2576388,8
221823,8
1051003,8
814981,8
2467523,8
386662,8
2541115,8
2367913,8
2535427,8
2747082,8
339992,8
2279061,8
2518576,8
959475,8
881837,8
418571,8
972509,8
2328586,8
2275436,8
2274956,8
2683802,8
2755732,8
610935,8
2324616,8
363275,8
2285240,8
676028,8
2696136,8
364172,8
2522228,8
2706891,8
932668,8
2294962,8
2707029,8
2709694,8
740418,8
912865,8
2300010,8
924088,8
375996,8
2763188,8
2677535,8
2227585,8
844779,8
851120,8
2355629,8
603664,8
2442472,8
2506121,8
2812012,8
648298,8
431518,8
2550438,8
490588,8
2820594,8
2550895,8
658014,8
2828118,8
2801353,8
2798436,8
2795602,8
2650888,8
451770,8
731839,8
2347929,8
2792489,8
2433401,8
447098,8
2786590,8
2249807,8
2256148,8
2342335,8
2779107,8
2775745,8
2774410,8
2347853,8
2966087,8
1258746,8
1587289,8
2145486,8
1578308,8
2046641,8
1267490,8
1287125,8
1287876,8
1743343,8
1118202,8
1116585,8
1491622,8
1491185,8
1758131,8
1760147,8
2002292,8
1323914,8
1994527,8
1986190,8
1970298,8
1966301,8
1960337,8
1467075,8
1370008,8
1375284,8
2057531,8
2062332,8
1126983,8
1627866,8
2118219,8
1162640,8
1164872,8
1179225,8
2101354,8
2128766,8
1628426,8
2131297,8
2131950,8
1656325,8
1192948,8
1683211,8
1193716,8
2094768,8
2093460,8
1542667,8
1540425,8
2088432,8
1540114,8
2136822,8
2075572,8
2069605,8
1586512,8
2036336,8
1919919,8
1913825,8
1891015,8
1910191,8
1405845,8
1425607,8
1445376,8
1590962,8
1431264,8
1843027,8
1911384,8
1796247,8
1101264,8
1794834,8
1394843,8
1919823,8
1407374,8
2861755,7
371714,7
2726034,7
820942,7
2832958,7
2081282,7
2377335,7
224069,7
2369804,7
1245571,7
769383,7
1528876,7
1877253,7
2083642,7
2365898,7
1670486,7
2831689,7
2086116,7
1534103,7
1222906,7
240049,7
1414597,7
2384887,7
2067504,7
2402529,7
1412589,7
788115,7
1877861,7
1233596,7
2390516,7
2070743,7
779946,7
799258,7
2389184,7
2088124,7
2387381,7
2836589,7
2386057,7
808681,7
1243645,7
2388385,7
1202983,7
434013,7
906993,7
916623,7
2305964,7
1442452,7
2300991,7
2887640,7
2888816,7
2110410,7
939721,7
2289206,7
2893615,7
2113404,7
2287562,7
951095,7
2899540,7
394777,7
1562164,7
1826926,7
2714132,7
2272046,7
2881601,7
1434600,7
1447358,7
2694393,7
2861889,7
853894,7
2672183,7
2344108,7
2341911,7
2672907,7
1869517,7
202172,7
873299,7
874687,7
2681264,7
2684435,7
413341,7
1192794,7
1191552,7
2322467,7
892222,7
2098918,7
1550998,7
244945,7
247543,7
762508,7
2777765,7
2551780,7
1326105,7
2766308,7
1910722,7
1323006,7
2622144,7
2773598,7
2541835,7
1322538,7
308834,7
582799,7
605263,7
2004607,7
613257,7
305799,7
353211,7
1756956,7
2787036,7
629699,7
630296,7
1777669,7
577057,7
760794,7
330893,7
1921152,7
340327,7
1380504,7
2603758,7
2603249,7
532982,7
1384407,7
504959,7
331924,7
1953205,7
1994978,7
2579463,7
2574712,7
558784,7
1340629,7
2763061,7
2763121,7
1980383,7
1470044,7
2561746,7
1304876,7
1485317,7
1752724,7
1705581,7
702133,7
2458366,7
2041194,7
1269027,7
2453339,7
2041867,7
720677,7
2729447,7
1266562,7
1406963,7
2735546,7
250315,7
2421831,7
1251383,7
1891250,7
2420222,7
507888,7
2419004,7
2418539,7
1694180,7
699458,7
1503862,7
274182,7
275088,7
294486,7
646952,7
1894232,7
2502406,7
1400746,7
2640381,7
289886,7
2496394,7
2803807,7
1456137,7
669519,7
2486649,7
280443,7
2479556,7
2124631,7
2475133,7
2037685,7
1723228,7
2466737,7
2270513,7
1594020,7
1129763,7
1061029,7
2204947,7
1091246,7
1085416,7
1044908,7
2176597,7
1592991,7
981993,7
2169581,7
1067035,7
2199715,7
1139365,7
2947228,7
1099646,7
1070633,7
1053467,7
1083523,7
2216229,7
1580655,7
1051985,7
1087594,7
2232451,7
1629567,7
1077340,7
2181896,7
2189411,7
1039616,7
1081548,7
2252462,7
2208245,7
1118295,7
2180950,7
2854617,6
2756938,6
1070445,6
790385,6
2373157,6
2392467,6
516116,6
2583625,6
1385426,6
2370109,6
2235993,6
1230116,6
2842622,6
814851,6
1065732,6
2588614,6
1784519,6
529029,6
809269,6
335811,6
1229349,6
805353,6
805122,6
2744929,6
1132917,6
2231291,6
534890,6
2379432,6
1214779,6
2638609,6
2134749,6
1902682,6
210180,6
483202,6
2346359,6
2344945,6
481569,6
2092189,6
2334268,6
1214361,6
2641318,6
2919441,6
471560,6
2643283,6
1545344,6
1810862,6
2644916,6
1194697,6
2090774,6
211662,6
853235,6
1903665,6
2237227,6
1588152,6
2366573,6
2582826,6
835781,6
835908,6
836119,6
1533166,6
219319,6
842895,6
844580,6
492649,6
2135183,6
2629462,6
2353185,6
2090210,6
852009,6
1004015,6
2224766,6
1614539,6
2456539,6
302043,6
2465789,6
2014771,6
1722663,6
2464793,6
621706,6
2011086,6
2527457,6
1505457,6
238164,6
2007354,6
2215258,6
2451076,6
2536470,6
2450451,6
2781112,6
1268357,6
2160645,6
689517,6
2944876,6
1723794,6
2477345,6
2030316,6
663524,6
2023661,6
2489833,6
2805306,6
2488734,6
2208186,6
2503184,6
2798207,6
2506779,6
1723951,6
1285191,6
2483440,6
2033003,6
639937,6
2152924,6
2510533,6
2447586,6
599709,6
715164,6
2560917,6
570478,6
1975821,6
1105210,6
1343855,6
1344283,6
2762448,6
764278,6
563817,6
772587,6
2925561,6
776873,6
2572543,6
1193322,6
2924995,6
1353371,6
781628,6
329814,6
2193611,6
249458,6
2162345,6
2049439,6
2162634,6
2163810,6
719650,6
1715404,6
2819787,6
2767494,6
2043102,6
321100,6
2435040,6
2043935,6
2432860,6
584806,6
738492,6
2827079,6
2553766,6
581590,6
2427525,6
2097490,6
2024903,6
1818424,6
437449,6
2258289,6
2283645,6
1432831,6
1165567,6
405197,6
935771,6
899950,6
2279954,6
2714551,6
2301588,6
1151504,6
2320553,6
2304266,6
2179263,6
2726960,6
1085718,6
401333,6
2292972,6
2290159,6
1887219,6
1850708,6
941248,6
2307629,6
2308408,6
416010,6
1855913,6
2894542,6
1448560,6
2288337,6
2667258,6
1097239,6
412224,6
412212,6
2666666,6
1647922,6
1552178,6
941787,6
446156,6
1853367,6
2683223,6
2318669,6
993317,6
2294797,6
2908287,6
1823394,6
2118265,6
2254449,6
2682244,6
2271345,6
1095183,6
1147534,6
883916,6
2722297,6
2325393,6
2889131,6
2173369,6
2679540,6
2125981,6
463770,6
2678812,6
432116,6
2894255,6
398986,6
2110905,6
1653378,6
965001,6
1125021,5
1972825,5
2054797,5
1692354,5
2222459,5
2825407,5
2295650,5
2933855,5
2824444,5
245795,5
2431539,5
2196262,5
2292484,5
568429,5
775879,5
2407112,5
2948344,5
2288137,5
1127888,5
2765628,5
1171343,5
1856513,5
1128155,5
2719014,5
758413,5
2430661,5
1578030,5
377045,5
2223739,5
1124893,5
2436969,5
768842,5
936843,5
1779165,5
2223379,5
2960940,5
2559426,5
248116,5
2194625,5
2557151,5
2143679,5
2424870,5
747241,5
2569978,5
744993,5
1696078,5
1059760,5
1699007,5
1059841,5
1700586,5
1258461,5
2835178,5
2686936,5
1585618,5
1193060,5
2218157,5
963763,5
2810085,5
1501053,5
2476569,5
1489325,5
2210199,5
385798,5
1304627,5
277251,5
1838755,5
400546,5
401266,5
2517843,5
2811715,5
2811924,5
2469131,5
2468762,5
2911912,5
1825667,5
2703088,5
2501372,5
1290146,5
2496221,5
976264,5
1492694,5
1563099,5
291089,5
1633174,5
1298171,5
1037743,5
1436844,5
2486625,5
1115837,5
2263480,5
2484886,5
1639887,5
675264,5
2788643,5
695796,5
318596,5
2284955,5
950224,5
1764918,5
2777056,5
600102,5
2774999,5
2284954,5
2580439,5
2542285,5
607670,5
2113614,5
593752,5
1266469,5
2042197,5
589412,5
2113495,5
1513308,5
2946611,5
1849616,5
1034813,5
2201296,5
2278433,5
2040702,5
2279234,5
2460689,5
1720857,5
2010548,5
2159129,5
2784980,5
711389,5
1270958,5
2534110,5
2200369,5
613031,5
1166222,5
2782228,5
2115021,5
2066755,5
1346952,5
1867069,5
1617482,5
2614309,5
1070728,5
2104374,5
2615236,5
1072520,5
1913402,5
2066803,5
2314506,5
2724667,5
2238169,5
221326,5
2184285,5
1537102,5
1140255,5
2659203,5
1618726,5
2915685,5
1671818,5
912603,5
825797,5
519571,5
2604602,5
2883006,5
2187458,5
2852206,5
1293730,5
2852932,5
2612126,5
2377849,5
2081161,5
1462873,5
2082039,5
2854027,5
2177538,5
824925,5
2316941,5
2317885,5
1802453,5
2240446,5
2635003,5
2733645,5
888278,5
2652637,5
1811845,5
2246490,5
2333166,5
885960,5
885333,5
2919357,5
1081213,5
1892192,5
1658741,5
2329297,5
1404981,5
1661123,5
2347117,5
1905333,5
893017,5
2627964,5
2355751,5
2956720,5
849703,5
2630407,5
213422,5
2134815,5
2737172,5
1667419,5
484814,5
1648475,5
2727275,5
1204662,5
2736849,5
1190171,5
2306959,5
1886437,5
2712258,5
1592585,5
2885984,5
1782817,5
550229,5
2300784,5
925030,5
2165820,5
2598866,5
2846988,5
2304490,5
790784,5
2757736,5
2068650,5
1363362,5
1358356,5
2231774,5
2593224,5
1230882,5
2673488,5
2301668,5
2142707,5
2603666,5
798972,5
2070461,5
1935762,5
1933100,5
2591734,5
1419447,5
2677196,5
2750726,5
1009245,5
2838728,5
2669516,5
810358,5
237957,5
237896,5
2073279,5
2708732,4
1837497,4
1305217,4
377089,4
2648358,4
2730226,4
2572507,4
2157651,4
2179834,4
2728150,4
2721183,4
1484638,4
297978,4
328677,4
1040565,4
1039951,4
2519479,4
2731288,4
1827823,4
2495930,4
484096,4
1063822,4
2658555,4
360735,4
2521411,4
1393891,4
2182752,4
1303077,4
2759059,4
462293,4
1892745,4
2576063,4
2941989,4
2504698,4
1403766,4
2501032,4
2964470,4
556794,4
1300775,4
2800959,4
1457605,4
2654931,4
425588,4
2507748,4
623373,4
1301573,4
477470,4
2637067,4
2704615,4
2759778,4
2965009,4
2182095,4
1590828,4
2633784,4
2647959,4
459335,4
2153251,4
1420024,4
1754062,4
2164145,4
2697691,4
2685564,4
2613877,4
1927068,4
2197525,4
1927996,4
2558678,4
1768911,4
1329801,4
379885,4
2545378,4
2193467,4
2544765,4
2614812,4
2165504,4
1860332,4
1768421,4
1786174,4
414305,4
1366460,4
1776252,4
520313,4
2554509,4
2607121,4
1381018,4
1823130,4
1856961,4
2555037,4
340567,4
2555342,4
513234,4
2555454,4
2601354,4
1996076,4
2197012,4
509695,4
2003146,4
2597112,4
408092,4
496759,4
435980,4
2535060,4
2624292,4
2533108,4
1907754,4
566753,4
2695159,4
2526819,4
1907323,4
2946194,4
2719094,4
2523521,4
2158338,4
1452027,4
1935285,4
493293,4
2622849,4
1592766,4
436710,4
2664484,4
437435,4
2663048,4
2661735,4
2739465,4
2172493,4
2755080,4
610656,4
1075242,4
1887590,4
405944,4
2594437,4
2622455,4
2174465,4
1754732,4
978637,4
2802690,4
2446725,4
1128722,4
2068463,4
2842317,4
2391844,4
2391077,4
800605,4
2922919,4
2851363,4
1226974,4
2073373,4
2075370,4
1135613,4
1008472,4
1529500,4
821778,4
2083596,4
2236784,4
1006590,4
830636,4
2857554,4
1004940,4
2363105,4
2361880,4
2238930,4
2087473,4
2065252,4
1243365,4
774987,4
389336,4
717182,4
2446306,4
2445683,4
2444431,4
1029963,4
1266411,4
2440416,4
728996,4
2436170,4
1515004,4
2044604,4
2048786,4
2224537,4
2425790,4
2424875,4
751120,4
2423389,4
2220715,4
2145316,4
2415876,4
2415424,4
764165,4
1249961,4
769754,4
2359162,4
2357352,4
2089809,4
2292386,4
2107118,4
2304033,4
2303128,4
922753,4
2887761,4
2297075,4
2914995,4
2889585,4
2890957,4
2111812,4
2891320,4
2290630,4
1644191,4
2259054,4
2259753,4
2285849,4
2260645,4
2898980,4
2261101,4
964352,4
964922,4
2907297,4
2118799,4
2265047,4
2885039,4
2102573,4
1540786,4
2329420,4
2349159,4
2134149,4
2346660,4
2344459,4
2865755,4
2920015,4
205656,4
2333747,4
2333654,4
2243662,4
1144993,4
2324647,4
2878135,4
884330,4
2246892,4
2322324,4
2321929,4
891726,4
2247120,4
2248056,4
2321439,4
2100530,4
2313466,4
2312662,4
714976,4
679098,4
2039930,4
2473429,4
2149337,4
710897,4
2486388,4
2454397,4
2941443,4
2451150,4
1270050,4
2455273,4
2152395,4
668177,4
1121769,4
2475039,4
669276,4
684755,4
2816757,4
2938609,4
1724259,4
2466048,4
1506520,4
2448969,4
2148058,4
2471570,4
1717465,4
2041199,4
1407851,3
2033787,3
1302147,3
875118,3
366554,3
874728,3
2644369,3
1194719,3
1457018,3
1410022,3
899416,3
2476462,3
2475653,3
2094264,3
2870551,3
997357,3
1657209,3
1282851,3
1813344,3
2509670,3
2940940,3
2874354,3
1191107,3
462822,3
2657161,3
1100140,3
2808472,3
463334,3
2957351,3
995232,3
2726778,3
1569734,3
1405562,3
2639685,3
2637649,3
2335407,3
1100910,3
217243,3
494266,3
687064,3
2038622,3
2362581,3
2039249,3
2018882,3
2198677,3
2621527,3
2211192,3
2136250,3
832175,3
2616422,3
2955092,3
2615262,3
2470762,3
1532310,3
2954754,3
2965924,3
1789149,3
1484958,3
2359988,3
2866121,3
1202098,3
2514175,3
206849,3
990533,3
2133716,3
355881,3
2635028,3
2093266,3
1660815,3
1753147,3
483742,3
846583,3
857115,3
633549,3
1001783,3
2090448,3
2350843,3
849804,3
2474191,3
632046,3
353027,3
2726376,3
2816933,3
2314085,3
1444603,3
2116942,3
2116359,3
1559518,3
952836,3
2284114,3
2498084,3
2715059,3
949187,3
1558529,3
2689743,3
1088956,3
2961855,3
2285348,3
2285376,3
665175,3
2286272,3
2032064,3
2259180,3
2892981,3
1426339,3
960713,3
1434569,3
385214,3
2117653,3
1441199,3
388461,3
2911015,3
1153191,3
2709362,3
2708833,3
2910961,3
288924,3
2273401,3
2706431,3
2912925,3
1733765,3
2714274,3
2906332,3
2490736,3
2805203,3
2276741,3
2277208,3
2277900,3
2718387,3
2290397,3
2662296,3
2881286,3
2251576,3
2250612,3
2021539,3
2885924,3
2884089,3
2883921,3
2958416,3
911758,3
910169,3
2665815,3
419701,3
2504168,3
2665050,3
2127864,3
2372553,3
2485832,3
448821,3
367908,3
2663299,3
2020493,3
2305765,3
2304087,3
1610867,3
1750469,3
1038793,3
2500749,3
1423674,3
2488571,3
1287055,3
2022567,3
2110768,3
931157,3
669328,3
2297801,3
1421726,3
2887925,3
1296975,3
926333,3
1150317,3
924469,3
2676974,3
2676460,3
923165,3
2168246,3
810711,3
225221,3
777465,3
1965279,3
1047479,3
1577074,3
2760336,3
564488,3
2415018,3
707749,3
1778815,3
2534425,3
1125699,3
2416382,3
1520010,3
1974837,3
2420099,3
1026404,3
1105919,3
1982685,3
771815,3
2573595,3
2562266,3
2528640,3
2391860,3
2587162,3
1576300,3
2584153,3
791120,3
2583946,3
1237908,3
2189456,3
1952073,3
1358958,3
236205,3
2840132,3
1357639,3
2189721,3
1683649,3
2837350,3
1959853,3
2193444,3
2422435,3
2935889,3
261938,3
2439558,3
709987,3
2548996,3
1512186,3
593478,3
722566,3
1123165,3
2769576,3
2449780,3
2772670,3
2538397,3
2162871,3
2004088,3
2448990,3
2819724,3
1508337,3
267521,3
1476038,3
260887,3
1268484,3
2820992,3
2054381,3
1602384,3
2051998,3
248794,3
748353,3
612956,3
1028441,3
580691,3
612332,3
2048756,3
611674,3
2005193,3
1999684,3
584125,3
2004696,3
585608,3
2822403,3
702510,3
2576170,3
522330,3
1781081,3
2952725,3
1464345,3
2748578,3
2847946,3
2379195,3
275231,3
2598762,3
2752514,3
1382903,3
527123,3
1067268,3
1372275,3
1373203,3
2138228,3
1381957,3
2608964,3
2850190,3
2922538,3
228171,3
1928244,3
1377551,3
2380117,3
2385167,3
2380793,3
621457,3
1782041,3
2597967,3
2080019,3
2843943,3
2604112,3
2142961,3
2375743,3
2185654,3
2843310,3
521966,3
2843850,3
1035288,3
2041139,3
2593622,3
2166320,3
510981,3
229056,3
2607683,3
812813,3
2604152,3
2383295,3
1680432,3
2462555,3
1007343,3
821065,3
1471829,2
322469,2
1640659,2
2860996,2
2717153,2
1778170,2
380900,2
2738737,2
2913473,2
2738558,2
2828385,2
307233,2
2843071,2
2715916,2
2745965,2
311245,2
2775831,2
1765828,2
2818477,2
1502884,2
2909739,2
2909456,2
2803401,2
264441,2
2912410,2
2745542,2
2953965,2
2822377,2
1477695,2
347691,2
1798888,2
1476552,2
2750083,2
1562007,2
1742397,2
215329,2
1475101,2
270563,2
1639988,2
1732726,2
2936293,2
2790441,2
2797877,2
2879092,2
2950886,2
2951658,2
294537,2
2854429,2
367523,2
2951824,2
2812775,2
2876858,2
2867464,2
303978,2
2845828,2
1780160,2
1466391,2
2937953,2
200640,2
2807378,2
1600804,2
1549847,2
2797673,2
2944083,2
1617436,2
2872969,2
1549314,2
2807871,2
1467187,2
332433,2
1654234,2
2925357,2
1684459,2
1816053,2
2848702,2
2934081,2
2829386,2
1803282,2
2800241,2
2721516,2
2932879,2
1642595,2
1736728,2
2791213,2
2829737,2
1694554,2
2887241,2
2960913,2
2927506,2
2805767,2
2887021,2
2886958,2
1464972,2
1447394,2
2863863,2
2782788,2
1753090,2
372871,2
2850564,2
2761274,2
1554531,2
1521602,2
2740032,2
1094741,2
2003418,2
654662,2
2515750,2
1303617,2
2117425,2
1303253,2
2282414,2
953424,2
949729,2
2505322,2
2504058,2
2022354,2
1169621,2
2500446,2
2287847,2
943941,2
2113128,2
623847,2
2496623,2
2024355,2
2112375,2
2109550,2
1178371,2
2300714,2
1179146,2
2481749,2
676940,2
2479026,2
2306056,2
1279221,2
2035946,2
2472673,2
2519726,2
1313216,2
1966903,2
596043,2
2132777,2
2564045,2
1329015,2
585609,2
586451,2
1999720,2
2256307,2
1324909,2
2260553,2
2548391,2
2548361,2
2001712,2
2547126,2
2545054,2
2543153,2
2524165,2
599434,2
1322256,2
1321818,2
602418,2
2539585,2
977833,2
1319424,2
2536616,2
614587,2
2125454,2
2533323,2
615517,2
2121216,2
2012443,2
688581,2
690333,2
2471225,2
2071468,2
2091409,2
2343038,2
1201176,2
1594514,2
2409071,2
2065635,2
2399391,2
1208281,2
2397764,2
2394408,2
793525,2
1236285,2
1234209,2
796978,2
841543,2
2105775,2
841044,2
840269,2
804272,2
2071488,2
2071821,2
2072280,2
2385710,2
2382861,2
2076266,2
837232,2
2086169,2
2084326,2
2367436,2
1216285,2
2342266,2
767935,2
2411964,2
2061736,2
915043,2
2040308,2
697418,2
914588,2
2105217,2
906158,2
2448232,2
715049,2
715193,2
2315179,2
717958,2
896665,2
2440914,2
726666,2
1264019,2
890743,2
732316,2
2327768,2
2047735,2
2048552,2
2427015,2
2048938,2
745303,2
2332222,2
2424516,2
872676,2
2420068,2
758020,2
2338852,2
1344951,2
2010519,2
464158,2
1042558,2
1412068,2
1062322,2
449823,2
2659831,2
457417,2
1406191,2
1346012,2
465622,2
2649155,2
2644247,2
1404585,2
2643725,2
1899408,2
1387904,2
2208540,2
1395875,2
1037538,2
1120159,2
2212372,2
489154,2
2626858,2
1909655,2
496177,2
2619404,2
2617153,2
2219717,2
2665954,2
1103980,2
2668131,2
2668895,2
393691,2
2708138,2
2706963,2
2173711,2
2703233,2
2699597,2
1840350,2
411069,2
411221,2
2178405,2
2686402,2
2682368,2
1422667,2
2183771,2
2184409,2
1101413,2
2677502,2
1071121,2
2675545,2
2187037,2
2671529,2
2187141,2
438188,2
1870547,2
1064642,2
2616173,2
827986,2
2225639,2
1371685,2
512312,2
2145536,2
1369656,2
2588581,2
2611913,2
510349,2
1137257,2
551321,2
534813,2
1926168,2
1003622,2
1025281,2
542595,2
1018333,2
2612985,2
2611304,2
531788,2
529055,2
2242715,2
2571763,2
2571531,2
505330,2
502489,2
1203684,1
2256961,1
855322,1
2139139,1
2167312,1
2350063,1
1659986,1
2143038,1
2230386,1
1069416,1
2336886,1
1659319,1
2352295,1
2336302,1
204824,1
2866665,1
1152022,1
203040,1
2143536,1
2188435,1
2191081,1
1196239,1
979692,1
1002181,1
1560169,1
2352435,1
214082,1
2963601,1
991459,1
1537830,1
1095884,1
1212804,1
2361420,1
220185,1
1534181,1
838074,1
2917588,1
2170798,1
2858904,1
995959,1
2918861,1
830076,1
1595939,1
2170597,1
2170535,1
1597651,1
2180111,1
849722,1
2179097,1
874239,1
2861835,1
1209067,1
1211263,1
217917,1
2241963,1
1149636,1
2959777,1
1086423,1
1086679,1
1097644,1
2921010,1
2263613,1
2867824,1
1125124,1
1556661,1
1175875,1
2295819,1
1177303,1
2108705,1
1037331,1
1612553,1
2302284,1
2303244,1
2886456,1
1041724,1
2121258,1
2943414,1
2370908,1
2106253,1
2294064,1
2150654,1
2274466,1
2218761,1
2279989,1
2897788,1
2897371,1
2931251,1
965325,1
2284633,1
2895264,1
2930997,1
2147735,1
1612125,1
2213342,1
2287853,1
2275989,1
2118153,1
2909842,1
1643618,1
2329558,1
1115567,1
1018771,1
2875947,1
1060813,1
2949219,1
1104659,1
896619,1
2099557,1
894856,1
1152774,1
2323785,1
1192323,1
883163,1
2115577,1
882528,1
2097059,1
2102076,1
2165370,1
1054232,1
1182386,1
2203965,1
1607429,1
2224229,1
2265354,1
2307487,1
1602973,1
2309739,1
2159181,1
2311418,1
2103443,1
2880942,1
2879994,1
908394,1
1111986,1
998371,1
1440265,1
2371770,1
2751662,1
1964998,1
1348707,1
2582240,1
1947653,1
1942030,1
2585912,1
1938068,1
2591471,1
535046,1
2598285,1
2600517,1
1338158,1
1924967,1
1924290,1
518748,1
2750095,1
1463334,1
2749139,1
2747024,1
508624,1
2742225,1
2620174,1
2568585,1
1337235,1
2510824,1
1316758,1
2513391,1
2515087,1
2019188,1
2516970,1
2018456,1
2017343,1
303637,1
2527752,1
305515,1
2534083,1
604383,1
1998313,1
2779191,1
1320601,1
2539720,1
2541502,1
1324206,1
588440,1
2000583,1
321862,1
1327795,1
2554446,1
497011,1
1801547,1
2625237,1
1853548,1
2672129,1
2724106,1
1824914,1
2680432,1
2681799,1
1865574,1
1862873,1
378274,1
379018,1
2717454,1
410085,1
487111,1
382292,1
382531,1
382702,1
2690484,1
408892,1
2715221,1
2691465,1
2714478,1
1434889,1
1838175,1
373415,1
1876194,1
2724643,1
1821884,1
2630030,1
1904034,1
2632929,1
2632939,1
2734181,1
357517,1
1898573,1
2733254,1
2731234,1
361145,1
2731017,1
2652411,1
2656444,1
458067,1
1452674,1
458060,1
2658092,1
454299,1
1888451,1
2664008,1
2665956,1
2512443,1
639383,1
826495,1
2418158,1
2409928,1
1690894,1
2833803,1
771583,1
2832407,1
768402,1
2057094,1
761785,1
2056551,1
247349,1
2054031,1
240372,1
247960,1
2053422,1
2050696,1
2048890,1
2713101,1
1701183,1
2044810,1
2432743,1
1514889,1
1263613,1
2409757,1
2403738,1
2509134,1
2849197,1
2374957,1
1218035,1
819940,1
2078072,1
817235,1
2075081,1
2385156,1
230083,1
1677896,1
2385195,1
2386551,1
2400845,1
2844531,1
1681706,1
2386906,1
1682009,1
2395389,1
237481,1
1239016,1
1239431,1
2399913,1
1524987,1
2822000,1
2821466,1
2435754,1
2802595,1
2032077,1
2487289,1
2489222,1
1288868,1
2029824,1
2027882,1
1735828,1
2491074,1
659182,1
2494122,1
2024383,1
1514732,1
2023981,1
2498786,1
2023012,1
291513,1
2800454,1
2502603,1
2021170,1
2506884,1
2508055,1
2796032,1
2032266,1
2480376,1
1500841,1
1276001,1
2437099,1
1264448,1
724632,1
2442752,1
2446380,1
2819232,1
1268336,1
1507833,1
713000,1
711336,1
2815607,1
2814635,1
2451516,1
2455807,1
705502,1
701655,1
2458965,1
2464448,1
696699,1
2465859,1
692555,1
2046717,1
